adria@ecm.ub.es = Adrian Casajus <adria@ecm.ub.es>
arrabito = Luisa Arrabito <arrabito@in2p3.fr>
arrabito@in2p3.fr = Luisa Arrabito <arrabito@in2p3.fr>
arrabito.luisa@gmail.com = Luisa Arrabito <arrabito@in2p3.fr>
bregeon = Johan Bregeon <johan.bregeon@lupm.in2p3.fr>
johann.cohentanugi@gmail.com = Johann Cohen Tanugi <johann.cohen-tanugi@umontpellier.fr>
nhan.bcn@gmail.com = Han Bcn <nhan.bcn@gmail.com>
ricardo.graciani = Ricardo Graciani <graciani@ecm.ub.edu>
